insert into DiningHallHours values ( 'FFC', '11/16/14', 'Lunch', '11:00', '2:00', 1);
insert into DiningHallHours values ( 'FFC', '11/16/14', 'Dinner', '5:00', '10:00', 2);
insert into DiningHallHours values ( 'Nolans', '11/16/14', 'Lunch', '11:00', '2:00', 3);
insert into DiningHallHours values ( 'Nolans', '11/16/14', 'Dinner', '5:00', '10:00', 4);
insert into DiningHallHours values ( 'Levering', '11/16/14', 'Lunch', '11:00', '2:00', 5);
insert into DiningHallHours values ( 'Levering', '11/16/14', 'Dinner', '5:00', '10:00', 6);
insert into DiningHallHours values ( 'FFC', '11/17/14', 'Lunch', '11:00', '2:00', 1);
insert into DiningHallHours values ( 'FFC', '11/17/14', 'Dinner', '5:00', '10:00', 2);
insert into DiningHallHours values ( 'Nolans', '11/17/14', 'Lunch', '11:00', '2:00', 3);
insert into DiningHallHours values ( 'Nolans', '11/17/14', 'Dinner', '5:00', '10:00', 4);
insert into DiningHallHours values ( 'Levering', '11/17/14', 'Lunch', '11:00', '2:00', 5);
insert into DiningHallHours values ( 'Levering', '11/17/14', 'Dinner', '5:00', '10:00', 6);
insert into DiningHallHours values ( 'FFC', '11/18/14', 'Lunch', '11:00', '2:00', 1);
insert into DiningHallHours values ( 'FFC', '11/18/14', 'Dinner', '5:00', '10:00', 2);
insert into DiningHallHours values ( 'Nolans', '11/18/14', 'Lunch', '11:00', '2:00', 3);
insert into DiningHallHours values ( 'Nolans', '11/18/14', 'Dinner', '5:00', '10:00', 4);
insert into DiningHallHours values ( 'Levering', '11/18/14', 'Lunch', '11:00', '2:00', 5);
insert into DiningHallHours values ( 'Levering', '11/18/14', 'Dinner', '5:00', '10:00', 6);
insert into DiningHallHours values ( 'FFC', '11/19/14', 'Lunch', '11:00', '2:00', 1);
insert into DiningHallHours values ( 'FFC', '11/19/14', 'Dinner', '5:00', '10:00', 2);
insert into DiningHallHours values ( 'Nolans', '11/19/14', 'Lunch', '11:00', '2:00', 3);
insert into DiningHallHours values ( 'Nolans', '11/19/14', 'Dinner', '5:00', '10:00', 4);
insert into DiningHallHours values ( 'Levering', '11/19/14', 'Lunch', '11:00', '2:00', 5);
insert into DiningHallHours values ( 'Levering', '11/19/14', 'Dinner', '5:00', '10:00', 6);
insert into DiningHallHours values ( 'FFC', '11/20/14', 'Lunch', '11:00', '2:00', 1);
insert into DiningHallHours values ( 'FFC', '11/20/14', 'Dinner', '5:00', '10:00', 2);
insert into DiningHallHours values ( 'Nolans', '11/20/14', 'Lunch', '11:00', '2:00', 3);
insert into DiningHallHours values ( 'Nolans', '11/20/14', 'Dinner', '5:00', '10:00', 4);
insert into DiningHallHours values ( 'Levering', '11/20/14', 'Lunch', '11:00', '2:00', 5);
insert into DiningHallHours values ( 'Levering', '11/20/14', 'Dinner', '5:00', '10:00', 6);
insert into DiningHallHours values ( 'FFC', '11/21/14', 'Lunch', '11:00', '2:00', 1);
insert into DiningHallHours values ( 'FFC', '11/21/14', 'Dinner', '5:00', '10:00', 2);
insert into DiningHallHours values ( 'Nolans', '11/21/14', 'Lunch', '11:00', '2:00', 3);
insert into DiningHallHours values ( 'Nolans', '11/21/14', 'Dinner', '5:00', '10:00', 4);
insert into DiningHallHours values ( 'Levering', '11/21/14', 'Lunch', '11:00', '2:00', 5);
insert into DiningHallHours values ( 'Levering', '11/21/14', 'Dinner', '5:00', '10:00', 6);
insert into DiningHallHours values ( 'FFC', '11/22/14', 'Lunch', '11:00', '2:00', 1);
insert into DiningHallHours values ( 'FFC', '11/22/14', 'Dinner', '5:00', '10:00', 2);
insert into DiningHallHours values ( 'Nolans', '11/22/14', 'Lunch', '11:00', '2:00', 3);
insert into DiningHallHours values ( 'Nolans', '11/22/14', 'Dinner', '5:00', '10:00', 4);
insert into DiningHallHours values ( 'Levering', '11/22/14', 'Lunch', '11:00', '2:00', 5);
insert into DiningHallHours values ( 'Levering', '11/22/14', 'Dinner', '5:00', '10:00', 6);

insert into Menus values ( 0, "Philly Cheesesteak", 0, 10, 7.99);
insert into Menus values ( 0, "Hamburger", 1, 10, 6.99);
insert into Menus values ( 0, "Cheeseburger", 2, 10, 6.99);
insert into Menus values ( 1, "Noodles + Chicken Broth", 3, 6, 6.99);
insert into Menus values ( 1, "Rice + Teriyaki Sauce", 4, 6, 5.99);
insert into Menus values ( 2, "Cheese Pizza", 5, 2, 2.99);
insert into Menus values ( 2, "Pepperoni Pizza", 6, 2, 2.99);
insert into Menus values ( 2, "Specialty Pizza", 7, 2, 3.99);
insert into Menus values ( 2, "Calzone", 8, 2, 5.99);
insert into Menus values ( 3, "Salad", 9, 5, 6.99);
insert into Menus values ( 3, "Full Sandwich", 10, 7, 7.99);
insert into Menus values ( 3, "Half Sandwich", 11, 7, 5.99);
insert into Menus values ( 3, "Sandwich + Soup", 12, 7, 6.99);
insert into Menus values ( 4, "Sashimi", 13, 1, 9.99);
insert into Menus values ( 4, "California Roll", 14, 1, 5.99);
insert into Menus values ( 4, "Crunchy Roll", 15, 1, 7.99);
insert into Menus values ( 5, "Tacos", 16, 5, 6.99);
insert into Menus values ( 5, "Al Dente Pasta", 17, 7, 6.99); 
insert into Menus values ( 5, "Cracked Omelette", 18, 7, 6.99); 
insert into Menus values ( 6, "Cake", 19, 1, 6.99);
insert into Menus values ( 6, "Cookies", 20, 1, 6.99);
insert into Menus values ( 6, "Ice Cream", 21, 1, 6.99);

insert into Ingredients values ( 0, "buns");
insert into Ingredients values ( 0, "beef");
insert into Ingredients values ( 0, "onions");
insert into Ingredients values ( 0, "cheese");
insert into Ingredients values ( 1, "buns");
insert into Ingredients values ( 1, "beef");
insert into Ingredients values ( 1, "cheese");
insert into Ingredients values ( 2, "buns");
insert into Ingredients values ( 2, "beef");
insert into Ingredients values ( 2, "cheese");
insert into Ingredients values ( 3, "noodles");
insert into Ingredients values ( 3, "chicken broth");
insert into Ingredients values ( 4, "rice");
insert into Ingredients values ( 4, "chicken");
insert into Ingredients values ( 4, "teriyaki sauce");
insert into Ingredients values ( 5, "pizza dough");
insert into Ingredients values ( 5, "pizza sauce");
insert into Ingredients values ( 5, "cheese");
insert into Ingredients values ( 6, "pizza dough");
insert into Ingredients values ( 6, "pizza sauce");
insert into Ingredients values ( 6, "cheese");
insert into Ingredients values ( 6, "pepperoni");
insert into Ingredients values ( 7, "pizza dough");
insert into Ingredients values ( 7, "pizza sauce");
insert into Ingredients values ( 7, "cheese");
insert into Ingredients values ( 7, "mushrooms");
insert into Ingredients values ( 7, "bell peppers");
insert into Ingredients values ( 8, "calzone dough");
insert into Ingredients values ( 8, "marinara sauce");
insert into Ingredients values ( 8, "cheese");
insert into Ingredients values ( 9, "salad");
insert into Ingredients values ( 10, "baguette");
insert into Ingredients values ( 10, "cheese");
insert into Ingredients values ( 10, "meat");
insert into Ingredients values ( 10, "lettuce");
insert into Ingredients values ( 10, "tomato");
insert into Ingredients values ( 11, "baguette");
insert into Ingredients values ( 11, "cheese");
insert into Ingredients values ( 11, "meat");
insert into Ingredients values ( 11, "lettuce");
insert into Ingredients values ( 11, "tomato");
insert into Ingredients values ( 12, "baguette");
insert into Ingredients values ( 12, "cheese");
insert into Ingredients values ( 12, "meat");
insert into Ingredients values ( 12, "lettuce");
insert into Ingredients values ( 12, "tomato");
insert into Ingredients values ( 13, "rice");
insert into Ingredients values ( 13, "seaweed");
insert into Ingredients values ( 13, "raw fish");
insert into Ingredients values ( 14, "rice");
insert into Ingredients values ( 14, "seaweed");
insert into Ingredients values ( 14, "crab meat");
insert into Ingredients values ( 14, "avocado");
insert into Ingredients values ( 15, "rice");
insert into Ingredients values ( 15, "seaweed");
insert into Ingredients values ( 15, "fish");
insert into Ingredients values ( 15, "cream cheese");
insert into Ingredients values ( 15, "crispy onion");
insert into Ingredients values ( 16, "taco shell");
insert into Ingredients values ( 16, "ground beef");
insert into Ingredients values ( 16, "lettuce");
insert into Ingredients values ( 16, "cheese");
insert into Ingredients values ( 16, "tomato");
insert into Ingredients values ( 17, "ground beef");
insert into Ingredients values ( 17, "pasta");
insert into Ingredients values ( 17, "pasta sauce");
insert into Ingredients values ( 17, "chicken");
insert into Ingredients values ( 17, "tomato");
insert into Ingredients values ( 18, "cheese");
insert into Ingredients values ( 18, "egg");
insert into Ingredients values ( 18, "onion");
insert into Ingredients values ( 18, "bell pepper");
insert into Ingredients values ( 19, "flour");
insert into Ingredients values ( 19, "sugar");
insert into Ingredients values ( 19, "vanilla extract");
insert into Ingredients values ( 19, "egg");
insert into Ingredients values ( 20, "sugar");
insert into Ingredients values ( 20, "flour");
insert into Ingredients values ( 20, "chocolate chip");
insert into Ingredients values ( 20, "eggs");
insert into Ingredients values ( 21, "ice cream");


insert into Student values ( 'Stephanie', 'Chew', 'schew4', 500, 2016, 1, 'password', '14 meals', 14, 760);
insert into Student values ( 'Bofeng', 'Zhang', 'bzhang16', 200, 2015, 2, 'password', '14 meals', 14, 1110);
insert into Student values ( 'Phillip', 'Oh', 'poh4', 1000, 2015, 3, 'password', '7 meals', 7, 70);
insert into Student values ( 'Ming', 'Kang', 'mkang22', 990, 2015, 4, 'password', '7 meals', 7, 90);

insert into Orders values ( 1, 'Dining Dollars', 1, 'Cooking', 'Dine In', 10, '11/16/14', 'Noodles + Chicken Broth', 1, '11:30');
insert into Orders values ( 2, 'Dining Dollars', 2, 'Cooking', 'Dine In', 10, '11/16/14', 'Noodles + Chicken Broth', 1, '11:31');
insert into Orders values ( 3, 'Dining Dollars', 3, 'Cooking', 'Dine In', 10, '11/16/14', 'Noodles + Chicken Broth', 1, '11:32');
insert into Orders values ( 4, 'Dining Dollars', 4, 'Cooking', 'Dine In', 10, '11/16/14', 'Noodles + Chicken Broth', 1, '11:33');


insert into Cashier values ( 'Charlie', 'Brown', 1, 1);
insert into Cashier values ( 'Daniel', 'Brown', 5, 2);

insert into Calendar values ('11/16/14', 'Sunday');
insert into Calendar values ('11/17/14', 'Monday');
insert into Calendar values ('11/18/14', 'Tuesday');
insert into Calendar values ('11/19/14', 'Wednesday');
insert into Calendar values ('11/20/14', 'Thursday');
insert into Calendar values ('11/21/14', 'Friday');
insert into Calendar values ('11/22/14', 'Saturday');


insert into DiningHallOptions values (0, 1, 'FFC', 1);
insert into DiningHallOptions values (1, 0, 'Nolans', 1);
insert into DiningHallOptions values (1, 0, 'Levering', 1);

insert into Staff values ( 111111, 'William', 'Connor', 'password', 'Manager');